Youtuber,subs,view,count,category
Shadow MusicShadow Music ,15.855431341481827,22.022358834121203,7.042286171939743,People & Blogs
Emi WongEmi Wong ,15.398604495058773,20.225121124484428,5.966146739123692,People & Blogs
iQIYI çˆ±å¥‡è‰ºiQIYI çˆ±å¥‡è‰º ,15.204301799282751,21.279763626687966,9.18399639663658,Film & Animation
South China Morning PostSouth China Morning Post ,14.790070197962406,21.68348352521777,9.339261152043022,News & Politics
GEMé„§ç´«æ£‹GEMé„§ç´«æ£‹ ,14.739769459487606,21.28408772239658,4.343805421853684,People & Blogs
Ani-Oneå‹•æ¼«å°ˆå€Ani-Oneå‹•æ¼«å°ˆå€ ,14.518608069377388,19.291804501370812,7.613818684808629,Film & Animation
è˜‹æœå‹•æ–°è HK Apple Dailyè˜‹æœå‹•æ–°è HK Apple Daily ,14.446782334806132,21.180968297345867,11.164587103533947,News & Politics
Nikmatul RosidahNikmatul Rosidah ,14.279244574196415,19.76834114214739,7.436617265234227,People & Blogs
Kento BentoKento Bento ,14.27293540500315,18.738482830069135,3.6375861597263857,Education
ApronApron ,14.234220892822458,19.02392142797824,5.846438775057725,Howto & Style
äº®ç”Ÿæ´» / Bright Sideäº®ç”Ÿæ´» / Bright Side ,14.187074114396758,19.64550164358818,8.122668023346407,People & Blogs
Xèª¿æŸ¥Xèª¿æŸ¥ ,14.03062193758122,19.041866674961444,5.087596335232384,Entertainment
å¤©å¤©ç›¸è¦‹å»šæˆ¿_é˜¿è¦‹å¤©å¤©ç›¸è¦‹å»šæˆ¿_é˜¿è¦‹ ,13.919870573288517,19.761125349286846,7.458186157340487,Film & Animation
TaleekTaleek ,13.87377946608825,16.88674243490391,4.927253685157205,Education
é» Cook Guideé» Cook Guide ,13.845069360205818,18.88635080935954,6.736966958001855,Howto & Style
JASONJASON ,13.81049801614073,19.989669071679735,7.937017489515454,People & Blogs
serpentzaserpentza ,13.79224193102492,18.90921083727958,6.891625897052253,People & Blogs
5åˆ†é˜DIY5åˆ†é˜DIY ,13.790192749979985,19.473098835012234,8.047509510981422,People & Blogs
TVB (official)TVB (official) ,13.695600261291716,20.893471708506958,10.319694757176194,Entertainment
Angelic Music WorldAngelic Music World ,13.688812904918317,20.762925235593908,6.234410725718371,Music
memehongkongmemehongkong ,13.594863886848652,21.056582802359376,10.353671054332557,News & Politics
æœç±½æœç±½ ,13.589863876431945,20.269737249819194,9.637306011530349,News & Politics
Mira's GardenMira's Garden ,13.500799813124575,18.935274425662968,6.8001700683022,Travel & Events
Huace Croton TV Arabic - Ø§Ù„Ø¹Ø±Ø¨ÙŠØ© Ù…Ø³Ù„Ø³Ù„Ø§Øª ØµÙŠÙ†ÙŠØ©Huace Croton TV Arabic - Ø§Ù„Ø¹Ø±Ø¨ÙŠØ© Ù…Ø³Ù„Ø³Ù„Ø§Øª ØµÙŠÙ†ÙŠØ© ,13.465953081794405,19.56867886061682,7.618251097876695,Entertainment
Ayisha Elseenya - Ø¹Ø§Ø¦Ø´Ø© Ø§Ù„ØµÙŠÙ†ÙŠØ©Ayisha Elseenya - Ø¹Ø§Ø¦Ø´Ø© Ø§Ù„ØµÙŠÙ†ÙŠØ© ,13.37700559577791,17.23198665664349,4.51085950651685,Music
Games EffectGames Effect ,13.35506114152335,20.076960602105398,4.499809670330265,Gaming
å“”å“©å“”å“©åŠ¨ç”»Anime Made By Bilibiliå“”å“©å“”å“©åŠ¨ç”»Anime Made By Bilibili ,13.324487561494463,17.83200557244513,7.765569081097317,Film & Animation
Cooking A DreamCooking A Dream ,13.258640995696876,18.21871163591732,5.159055299214529,Howto & Style
é¬¥å£«å·¥ä½œå®¤ Fighter Studio HKé¬¥å£«å·¥ä½œå®¤ Fighter Studio HK ,13.258640995696876,20.992814848425194,7.891330757661889,
é˜¿æ˜Ÿæ¢åº—Chinese Food Touré˜¿æ˜Ÿæ¢åº—Chinese Food Tour ,13.232114241363448,19.231956718165286,5.860786223465865,
D100 RadioD100 Radio ,13.178743710840436,19.21686616577707,9.510963348560765,News & Politics
Mama CheungMama Cheung ,13.178743710840436,18.33081501717951,5.872117789475416,Howto & Style
GURUNG DIIPA [GDiipa]GURUNG DIIPA [GDiipa] ,13.159659162148026,17.494310281853306,5.214935757608986,Howto & Style
JeffHKJeffHK ,13.116345305078767,17.818694711492622,3.7612001156935624,Travel & Events
è›‡ä»”æ˜è›‡ä»”æ˜ ,13.093963902882631,19.757267321518903,8.519989278718239,People & Blogs
ç’°æ˜ŸéŸ³æ¨‚ / ç’°æ˜Ÿå¨›æ¨‚ WSM Music HKç’°æ˜ŸéŸ³æ¨‚ / ç’°æ˜Ÿå¨›æ¨‚ WSM Music HK ,13.060487973686241,20.14222066820852,8.462314529906248,Music
arhoTVarhoTV ,13.045482333068371,18.946762463420797,6.548219102762372,People & Blogs
HKTVNetworkHKTVNetwork ,13.041153321978786,18.33980703108964,6.992096427415888,Entertainment
æˆ‘è¦åšå¯Œç¿æˆ‘è¦åšå¯Œç¿ ,13.028052697933088,17.917422002319903,7.723120092266331,Education
SKT PlusSKT Plus ,13.028052697933088,19.19865385431764,7.091742115095153,Film & Animation
Carl Hoå¡çˆ¾ é »é“Carl Hoå¡çˆ¾ é »é“ ,13.001325049027272,18.90895273587673,6.856461984594587,Entertainment
MakeLearningFunMakeLearningFun ,12.987688474077727,19.214892913591523,5.541263545158426,People & Blogs
æœ‰ç·šé›»è¦– CABLE TV & æœ‰ç·šæ–°è CABLE Newsæœ‰ç·šé›»è¦– CABLE TV & æœ‰ç·šæ–°è CABLE News ,12.985397522331171,19.36474256066477,10.353447900530844,
Everyday ChineseEveryday Chinese ,12.983101310070822,16.867066724725984,5.814130531825066,Education
PEARå“¥PEARå“¥ ,12.980799813082541,18.182201207775808,2.833213344056216,Film & Animation
æ‰˜å“¥torresæ‰˜å“¥torres ,12.976180867226248,17.754076073622667,5.049856007249537,People & Blogs
REWA TechnologyREWA Technology ,12.962194625251508,18.256623808800597,5.916202062607435,Science & Technology
Shila Amzah èŒœæ‹‰Shila Amzah èŒœæ‹‰ ,12.957488734214095,17.510401233430304,5.081404364984463,Music
é¦™æ¸¯å¤§ç´€å…ƒæ–°å”äººè¯åˆæ–°èé »é“é¦™æ¸¯å¤§ç´€å…ƒæ–°å”äººè¯åˆæ–°èé »é“ ,12.948009990259552,20.006611650986045,10.451926829595399,News & Politics
ViuTVViuTV ,12.931202871943169,19.265780261181508,9.220191688026556,Entertainment
å‡æ——æ˜“å¾—é“å‡æ——æ˜“å¾—é“ ,12.896716695872,20.199638442400378,9.104757609401117,People & Blogs
ç§˜å²è¶£èç§˜å²è¶£è ,12.894207284266574,18.627774040287374,7.093404625868766,People & Blogs
å±èŠå§†ç˜‹ç‹‚ä¸–ç•Œå±èŠå§†ç˜‹ç‹‚ä¸–ç•Œ ,12.881564890851399,18.46975601033344,7.108244139731541,Gaming
mingjai14mingjai14 ,12.86876061860541,18.185320218388625,5.68697535633982,Comedy
lizzydailylizzydaily ,12.866179972011919,18.3199667940459,6.1224928095143865,People & Blogs
èŒ¶é¤˜é£¯å¾ŒèŒ¶é¤˜é£¯å¾Œ ,12.866179972011919,16.806311442180665,7.418780882750794,Entertainment
é³³å‡°è¡›è¦– Phoenix TVé³³å‡°è¡›è¦– Phoenix TV ,12.815838217151068,18.758267223859615,9.250618218474752,News & Politics
Gundam GGundam G ,12.810388612383504,18.593752587070277,4.51085950651685,Film & Animation
Yuki LeungYuki Leung ,12.748396936355535,18.568188255288582,4.564348191467836,People & Blogs
æ©Ÿå‹•é›»è¦–å°RTVæ©Ÿå‹•é›»è¦–å°RTV ,12.742566016044742,16.92051611729737,4.59511985013459,People & Blogs
å±èŠå§†çš„3æ¬¡å…ƒå±èŠå§†çš„3æ¬¡å…ƒ ,12.730801174465157,18.88639193008144,6.6895992691789665,People & Blogs
ä¼¯è³´ä¼¯è³´ ,12.7098736543592,17.91731563785394,5.4116460518550396,Entertainment
haywong709haywong709 ,12.697715449879391,18.0187155639442,5.634789603169249,Howto & Style
RickyKAZAFRickyKAZAF ,12.688498794774466,17.440891376738605,6.489204931325317,Howto & Style
Alfred ChanAlfred Chan ,12.688498794774466,18.012644999588204,5.755742213586912,Travel & Events
éœ¸å® æ‹å‰§ç¤¾éœ¸å® æ‹å‰§ç¤¾ ,12.685407602204794,19.392609113872936,8.014004994779459,Entertainment
KZeeKZee ,12.647548191161372,18.971249017715824,8.225235324101668,Gaming
mandies kwok è‚¥è›™mandies kwok è‚¥è›™ ,12.647548191161372,17.68068993349532,5.081404364984463,Comedy
Day Day CookDay Day Cook ,12.637855061955712,18.01522459580406,8.06777619577889,Howto & Style
Arm Channel TVArm Channel TV ,12.618182296357007,18.35285357848036,7.306531398939505,Entertainment
è‹±çš‡å¨›æ¨‚ eeg musicè‹±çš‡å¨›æ¨‚ eeg music ,12.618182296357007,19.967096529475135,8.22282213081366,Music
ADSR Music Production TutorialsADSR Music Production Tutorials ,12.604848765487542,17.358906996779865,7.786551806428712,Music
è¯åŠ‡å ´ç²¾é¸ MQ Chinese Dramaè¯åŠ‡å ´ç²¾é¸ MQ Chinese Drama ,12.570715759118084,18.936363906749587,8.105005537547246,People & Blogs
852éƒµå ±852éƒµå ± ,12.56374708980199,16.037000881728716,5.616771097666572,News & Politics
å‡è£…å†·é…·çš„èµ·çµå‡è£…å†·é…·çš„èµ·çµ ,12.556729517143344,18.236319708835634,4.927253685157205,Film & Animation
ä¼å¦æœ‰ä¼ä»”ä¼å¦æœ‰ä¼ä»” ,12.553202176625375,18.838292317498627,8.124446855715847,Education
MIRRORMIRROR ,12.54966234992025,19.096138647717005,4.820281565605037,Entertainment
å¤§ç¥¥å“¥ä¾†äº†å¤§ç¥¥å“¥ä¾†äº† ,12.54966234992025,18.057333388906645,5.236441962829949,People & Blogs
ç¯ååå¹´ç¯ååå¹´ ,12.546109948315882,18.235277880806123,6.144185634125646,Travel & Events
BEAUTYQQBEAUTYQQ ,12.542544882151386,18.068869723365427,6.395261598115449,Howto & Style
ToCo International Official ChannelToCo International Official Channel ,12.528156144699286,19.2316250578471,7.925518979786926,Music
â™«ĞĞµĞ°Ğ”ĞµĞºĞ²Ğ°Ñ‚ Recordsâ™«â™«ĞĞµĞ°Ğ”ĞµĞºĞ²Ğ°Ñ‚ Recordsâ™« ,12.524526376648708,17.834640846563197,4.955827057601261,Film & Animation
EHPMusicChannelEHPMusicChannel ,12.506340187666453,18.972864796252153,6.453624998892692,Music
Gavinchiuè¶™æ°è®€æ›¸ç”Ÿæ´»Gavinchiuè¶™æ°è®€æ›¸ç”Ÿæ´» ,12.502466658583977,18.397326330324226,7.323830566202317,News & Politics
è§£å¿§ç”µå½±ç«™è§£å¿§ç”µå½±ç«™ ,12.491251587763836,18.878253750901095,6.833031732786201,Film & Animation
å””ç†Ÿå””é£Ÿ Cook King Roomå””ç†Ÿå””é£Ÿ Cook King Room ,12.476099782743233,17.43391244969727,6.375024819828097,Howto & Style
é—²Då˜é—²Då˜ ,12.464583340681674,17.7559673252463,5.5053315359323625,Entertainment
Ding DingDing Ding ,12.464583340681674,17.6800372827945,5.60947179518496,Travel & Events
Ling ChengLing Cheng ,12.460714863903755,17.625313821448216,6.345636360828596,Entertainment
é¦™æ¸¯æœ¬åœŸåŠ›é‡ Hong Kong Localism Poweré¦™æ¸¯æœ¬åœŸåŠ›é‡ Hong Kong Localism Power ,12.4529327234617,18.64812631628999,7.938445551164788,News & Politics
Cocoå“¥Cocoå“¥ ,12.425208175446844,17.921269494316533,6.359573868672378,Entertainment
Ahhin (Hins)Ahhin (Hins) ,12.4130868149145,18.03686319256393,7.283448228756631,Gaming
Yaki WongYaki Wong ,12.375815420117268,17.278581475342772,5.087596335232384,Travel & Events
é¦™æ¸¯èŠ±ç”Ÿé¦™æ¸¯èŠ±ç”Ÿ ,12.358793732547838,17.30195284621439,8.35490952835879,News & Politics
Ashly è€é™³Ashly è€é™³ ,12.35017298950393,13.39829214963004,1.3862943611198906,People & Blogs
Frankie TechFrankie Tech ,12.345834587905333,17.883562136017613,6.984716320118266,Science & Technology
TVB Drama - Crime & Mystery ç¥ç§˜é »é“ TVB Drama - Crime & Mystery ç¥ç§˜é »é“ ,12.345834587905333,16.380955561803617,6.625392368007956,Entertainment
Eason ChanEason Chan ,12.345834587905333,18.57778100092548,4.248495242049359,Entertainment
Elva NiElva Ni ,12.345834587905333,16.685866495840305,5.298317366548036,People & Blogs
YOUKU SHOWYOUKU SHOW ,12.337100907936577,18.3380537523919,8.955448122347393,Entertainment
Museæœ¨æ£‰èŠ±-HKMuseæœ¨æ£‰èŠ±-HK ,12.332705296463539,17.68538994591316,8.316300249036848,Film & Animation
å†·æ·¡ç†Šå†·æ·¡ç†Š ,12.314927050442256,18.446300818999365,5.7430031878094825,Film & Animation
é¦¬ç±³é«˜ Michael MMGé¦¬ç±³é«˜ Michael MMG ,12.310432660854417,16.862639643047732,5.327876168789581,Comedy
å±¯é–€ç•«å®¤ Tuen Mun Studioå±¯é–€ç•«å®¤ Tuen Mun Studio ,12.301382825334498,16.931920385123927,6.837332814685591,Education
Angela Hui è¨±é–éŸ»ã€Œå°èƒŒå¿ƒã€Angela Hui è¨±é–éŸ»ã€Œå°èƒŒå¿ƒã€ ,12.269047444691562,17.97422520526439,5.14166355650266,Music
DONT BLINKDONT BLINK ,12.26434155365415,17.913165385208544,5.855071922202427,Entertainment
suechanggsuechangg ,12.254862809699606,16.887274691098888,4.543294782270004,People & Blogs
TD TSUNTD TSUN ,12.245293358683455,18.088725255449308,6.444131256700441,Gaming
ICå®éªŒå®¤ICå®éªŒå®¤ ,12.245293358683455,17.051535335383544,5.313205979041787,Science & Technology
Highlight NBAHighlight NBA ,12.235631447771718,19.04177231405353,7.890208213109961,Sports
çŸ¥è­˜å‘½ç†çŸ¥è­˜å‘½ç† ,12.235631447771718,14.38657880118132,7.455298485683291,People & Blogs
å•¤æ¢¨é »é“BarryMa TVå•¤æ¢¨é »é“BarryMa TV ,12.225875272826354,19.161262408257393,8.67709870892586,News & Politics
EWway Music Channel æ±è¥¿ä¸–ç•ŒéŸ³æ¨‚é »é“EWway Music Channel æ±è¥¿ä¸–ç•ŒéŸ³æ¨‚é »é“ ,12.225875272826354,19.215233918847467,7.703459047867175,Music
mansonovomansonovo ,12.220961258023925,17.67088981238495,5.6937321388027,Film & Animation
Kiki & May - éš¨æ„åƒæ¨‚éƒ¨Kiki & May - éš¨æ„åƒæ¨‚éƒ¨ ,12.220961258023925,17.54785392166552,5.652489180268651,People & Blogs
AROGANTNÃAROGANTNÃ ,12.211060187041213,17.23194798461342,4.997212273764115,Entertainment
é™³æ€¡ChanYeeé™³æ€¡ChanYee ,12.196022309676673,18.103530587810656,6.895682697747868,Education
é¦™æ¸¯01é¦™æ¸¯01 ,12.190959007720126,19.087746599482024,9.365033761652663,News & Politics
ç¿æ˜Ÿå®˜æ–¹é¢‘é“Canxing Media Official Channelç¿æ˜Ÿå®˜æ–¹é¢‘é“Canxing Media Official Channel ,12.185869938212655,18.983422116441005,8.540714386457584,Entertainment
FlashingDroidFlashingDroid ,12.180754837545884,17.772714460080355,6.879355804460439,Science & Technology
é›¨åƒ‘Ava Liué›¨åƒ‘Ava Liu ,12.170445467887022,17.392428899217578,5.5093883366279774,Entertainment
The Best by familyThe Best by family ,12.165250651009918,15.95758752197487,6.2766434893416445,Entertainment
Stand News ç«‹å ´æ–°èStand News ç«‹å ´æ–°è ,12.165250651009918,16.580817331051726,6.590301048196686,News & Politics
Sadhguru ç¹é«”ä¸­æ–‡Sadhguru ç¹é«”ä¸­æ–‡ ,12.14950229404178,16.673714605041194,5.869296913133774,People & Blogs
å¦ˆå’ªè¯´MommyTalkå¦ˆå’ªè¯´MommyTalk ,12.14950229404178,16.73846986016199,5.857933154483459,Science & Technology
Ordinary Gaming Studioå¹³æ°‘éŠæˆ²å·¥ä½œå®¤Ordinary Gaming Studioå¹³æ°‘éŠæˆ²å·¥ä½œå®¤ ,12.144197241812087,17.50087810253659,5.8664680569332965,Education
é»ƒå­è¯ Dayo Wong æ£Ÿç¯¤ç¬‘ - å®˜æ–¹é »é“é»ƒå­è¯ Dayo Wong æ£Ÿç¯¤ç¬‘ - å®˜æ–¹é »é“ ,12.133501952695338,17.476576142805254,6.4457198193855785,Nonprofits & Activism
Mobile Legends: Bang Bang EspaÃ±olMobile Legends: Bang Bang EspaÃ±ol ,12.133501952695338,17.58751875304885,5.634789603169249,Gaming
ben's gadget reviewsben's gadget reviews ,12.117241431823558,17.58913420427891,6.400257445308821,Science & Technology
æ¡‚å¹³å…‰å“¥æ¡‚å¹³å…‰å“¥ ,12.117241431823558,18.943461293967548,7.86172707782398,People & Blogs
å¤œèˆ‡ç™½é¯¨å¤œèˆ‡ç™½é¯¨ ,12.111761966058932,17.906201236208645,5.3230099791384085,Film & Animation
Dou TVDou TV ,12.111761966058932,17.1042953199365,5.529429087511423,Entertainment
Ho Talk Duck å¥½Talkå¾—Ho Talk Duck å¥½Talkå¾— ,12.100712129872347,10.825800116728777,3.1780538303479458,People & Blogs
Edwin H.Edwin H. ,12.089538829274222,16.71720832269961,5.655991810819852,Entertainment
MM - Mill MILKMM - Mill MILK ,12.089538829274222,16.403185040310063,4.248495242049359,
æ­ªé»å­å¯¦é©—å®¤æ­ªé»å­å¯¦é©—å®¤ ,12.083905011555967,17.11715272573419,4.990432586778736,Howto & Style
çè¨€çœŸèª // å¤§ç´€å…ƒçè¨€çœŸèª // å¤§ç´€å…ƒ ,12.072541252905651,17.84525014350735,7.165493475060845,
Now è²¡ç¶“ æ–°èNow è²¡ç¶“ æ–°è ,12.072541252905651,18.108063860249153,8.978282203272398,News & Politics
Lok CheungLok Cheung ,12.061046873479915,15.83237551930808,5.204006687076795,People & Blogs
å°è´çš„æ¸¸æˆé£Ÿå ‚å°è´çš„æ¸¸æˆé£Ÿå ‚ ,12.049418835484797,18.19774292147453,6.413458957167357,Gaming
RedisPollyRedisPolly ,12.049418835484797,16.485006330562946,4.890349128221754,People & Blogs
è±ªDeeè±ªDee ,12.049418835484797,16.923670709434376,4.962844630259907,People & Blogs
å®…ç”·ä¿±æ¨‚éƒ¨å®…ç”·ä¿±æ¨‚éƒ¨ ,12.043553716032399,16.86645982312817,5.966146739123692,Gaming
å¸é©¬å—é¢‘é“å¸é©¬å—é¢‘é“ ,12.043553716032399,17.7626751991792,7.557994958530806,People & Blogs
å¾æ™‚è«– TsuisTalkå¾æ™‚è«– TsuisTalk ,12.031719258385396,17.30817900186479,6.626717749249025,News & Politics
SzeTingWongé»ƒè©©å©·SzeTingWongé»ƒè©©å©· ,12.025749091398891,16.667611116220936,3.9889840465642745,Music
åª½åª½é–‹å¿ƒå»šæˆ¿åª½åª½é–‹å¿ƒå»šæˆ¿ ,12.025749091398891,13.541609095235259,7.262628600974241,Howto & Style
Boba BeatsBoba Beats ,12.025749091398891,19.1583579414125,6.71295620067707,Music
odyleungodyleung ,12.025749091398891,16.58978910165124,5.493061443340548,People & Blogs
SmilemiannSmilemiann ,12.013700752882718,17.796389756205933,6.368187186350492,Howto & Style
KingsanKingsan ,12.0015054797889,15.77052343689347,4.430816798843313,Gaming
Cynthia IpCynthia Ip ,12.0015054797889,17.051411548708092,5.940171252720432,Howto & Style
è€æ´‹å’©å’©è€æ´‹å’©å’© ,11.99535161421452,16.040939838855557,5.393627546352362,Gaming
Susana ChachaSusana Chacha ,11.982929094215963,16.860959138113945,5.780743515792329,Howto & Style
çˆ±å¥½ææ€–ç‰‡çš„ç¾ç”·å­çˆ±å¥½ææ€–ç‰‡çš„ç¾ç”·å­ ,11.982929094215963,17.629336462438424,5.375278407684165,Film & Animation
ä½©ç”·Puinamä½©ç”·Puinam ,11.976659481202368,16.587156898802153,5.087596335232384,Gaming
å°¬èŠç”µå½±å°¬èŠç”µå½± ,11.957611286231675,17.985611809839103,5.480638923341991,Film & Animation
TheLittleBaluTheLittleBalu ,11.944707881395766,13.978215970073085,3.367295829986474,People & Blogs
æ­¡æ¨‚é¦¬ä»‹ä¼‘BacalhauEntæ­¡æ¨‚é¦¬ä»‹ä¼‘BacalhauEnt ,11.931635799828413,18.18239026747206,6.322565239927284,Comedy
å°è¶…è®²ç”µå½±å°è¶…è®²ç”µå½± ,11.918390573078392,17.283279891940794,5.37989735354046,Film & Animation
kayan ckayan c ,11.918390573078392,16.407968072842408,4.820281565605037,Travel & Events
å¸Œæ²»é–£ã€éŠæˆ²æƒ…å ±ç§‘ã€‘å¸Œæ²»é–£ã€éŠæˆ²æƒ…å ±ç§‘ã€‘ ,11.911701584927597,17.028038074898618,6.670766320845874,Gaming
Steven LawSteven Law ,11.904967552746252,17.34662994708355,6.993932975223189,Music
Asia HOTAsia HOT ,11.904967552746252,18.017536744984987,4.634728988229636,Travel & Events
è‹±å¤§å‰ä¾†äº†è‹±å¤§å‰ä¾†äº† ,11.898187865760873,17.128436569178326,4.812184355372417,News & Politics
AUMANAUMAN ,11.898187865760873,16.148525724018626,5.030437921392435,Music
HTHT ,11.884489021402711,11.92171171863072,2.70805020110221,Entertainment
The One Lock æ°¸æ¨‚The One Lock æ°¸æ¨‚ ,11.877568578558138,17.90112905860965,7.309212365692763,Gaming
åš´æ”¿ WallaceYimåš´æ”¿ WallaceYim ,11.863582336583399,16.807915201092243,5.817111159963204,Entertainment
GoomusicGoomusic ,11.856515169360305,17.431685278002185,6.244166900663736,Music
å²å¤§éƒå²å¤§éƒ ,11.84939770159144,17.138518336116512,4.983606621708336,People & Blogs
ç¤¾æœƒé‚ŠçŒ¿äºº Mr.Bambooç¤¾æœƒé‚ŠçŒ¿äºº Mr.Bamboo ,11.820410164718188,16.510333192604964,4.553876891600541,Film & Animation
Candies wawaCandies wawa ,11.813030057420567,16.392266025159703,4.007333185232471,People & Blogs
ç‹„é” TiKToKç‹„é” TiKToK ,11.805595078933049,16.55209742097756,5.231108616854587,People & Blogs
big big channel - å¤§å°ç¶²big big channel - å¤§å°ç¶² ,11.805595078933049,18.210231515201222,8.938794081433805,Entertainment
Rockå“¥Rockå“¥ ,11.790557201568507,16.44389304218622,4.532599493153256,People & Blogs
ëª©ê²©ìKëª©ê²©ìK ,11.790557201568507,16.75023364826756,6.507277712385012,News & Politics
Keith SirKeith Sir ,11.790557201568507,17.0819307427385,6.871091294610546,Education
å…«å…«é€šGossipGossipå…«å…«é€šGossipGossip ,11.782952602183288,17.995172538237355,7.961370201719511,People & Blogs
å¤©å ‚ç”µå½±å¤©å ‚ç”µå½± ,11.759785542901755,18.233311046711293,6.304448802421981,Film & Animation
MoYung æ…•å®¹å…¬å­MoYung æ…•å®¹å…¬å­ ,11.751942365440728,17.828043473863,6.156978985585555,Gaming
ç§‘å­¦ç«ç®­å”ç§‘å­¦ç«ç®­å” ,11.744037185933616,16.975370079478253,5.713732805509369,Howto & Style
Happy KongnerHappy Kongner ,11.728036844587175,15.898014655229675,5.25227342804663,Sports
Celine Tam Official Fan ClubCeline Tam Official Fan Club ,11.728036844587175,16.68703985079427,3.8501476017100584,Music
å¥‡ç•°å°åŒ—å¥‡ç•°å°åŒ— ,11.719939634354555,16.80737852469289,4.836281906951478,Howto & Style
HongKongTimesSquareHongKongTimesSquare ,11.711776323715394,17.253905742691465,5.645446897643238,Entertainment
feverSound comfeverSound com ,11.711776323715394,17.55906691061542,7.2254814727822945,Music
å”äººå½±è¦–ä½œå“å±•å”äººå½±è¦–ä½œå“å±• ,11.695247021764184,18.428464501757453,7.05444965813294,Entertainment
Coach FuiCoach Fui ,11.686878772093667,16.484483976887976,5.187385805840755,Sports
åœ¨ä¸‹è‘‰å•åœ¨ä¸‹è‘‰å• ,11.686878772093667,17.609619514154133,7.755338812846501,Comedy
Cindyæ¥Šæ–¯é›…Cindyæ¥Šæ–¯é›… ,11.678439903447801,17.346477076333333,5.176149732573829,Howto & Style
å¡çš®å›å¡çš®å› ,11.669929213779893,18.17127123016923,6.335054251498059,Film & Animation
CHINCHIN CCHINCHIN C ,11.669929213779893,16.391464070095637,5.389071729816501,People & Blogs
è€ç”µå½±æ•…äº‹è€ç”µå½±æ•…äº‹ ,11.669929213779893,17.454224344838025,6.917705609835305,Film & Animation
è²éŠæ—¥æœ¬è²éŠæ—¥æœ¬ ,11.661345470088502,16.931068490709173,5.6937321388027,Travel & Events
MaMa FishMaMa Fish ,11.661345470088502,16.56926247635022,5.3471075307174685,Howto & Style
å¤§ä½¬ä½ å””å¥½å’ç—´ç·šå•¦dudeareyoucrazyå¤§ä½¬ä½ å””å¥½å’ç—´ç·šå•¦dudeareyoucrazy ,11.652687407345388,14.29861240479945,6.18826412308259,Pets & Animals
falllabfalllab ,11.652687407345388,17.42568741230883,5.8998973535824915,Entertainment
penguinsixpenguinsix ,11.635143097694478,16.74937625754843,7.083387847625295,News & Politics
seanlaiseanlai ,11.626254150277232,17.96401518977769,7.774435510302958,Entertainment
cheerS beautycheerS beauty ,11.617285480294472,16.782700085416813,5.777652323222656,People & Blogs
Creamy YickCreamy Yick ,11.608235644774552,14.956012431075665,2.9444389791664403,People & Blogs
ä¸€èµ·çœ‹å‰§å§ä¸€èµ·çœ‹å‰§å§ ,11.608235644774552,18.34547501255831,8.265650165580329,Entertainment
æ±å‘¨ç¶² Eastweek.com.hkã€æ±å‘¨åˆŠå®˜æ–¹ç¶²ç«™ã€‘æ±å‘¨ç¶² Eastweek.com.hkã€æ±å‘¨åˆŠå®˜æ–¹ç¶²ç«™ã€‘ ,11.59910316121128,18.812535807483687,9.41041998369184,People & Blogs
æ”ªå±æ£ PoopStirreræ”ªå±æ£ PoopStirrer ,11.59910316121128,17.193975334133263,5.8998973535824915,Entertainment
Garson å˜‰ç¥Garson å˜‰ç¥ ,11.589886506106357,17.69981862818277,7.3632795869630385,Gaming
AmourBeauty JMAmourBeauty JM ,11.580584113444043,16.57205576857095,5.308267697401205,People & Blogs
Kitling_é›€æ–‘å¦¹Kitling_é›€æ–‘å¦¹ ,11.580584113444043,16.237919269874467,4.330733340286331,People & Blogs
æ¸”å†œå°æ± æ¸”å†œå°æ±  ,11.571194373094205,18.41272770218876,7.144407180321139,People & Blogs
ERRORERROR ,11.571194373094205,16.43449512808665,3.8501476017100584,Entertainment
å†¤æ‰å¨›æ¨‚å†¤æ‰å¨›æ¨‚ ,11.571194373094205,17.472272781347773,5.717027701406222,Entertainment
MIHK.tv_Youtubeç¬¬äºŒå°MIHK.tv_Youtubeç¬¬äºŒå° ,11.56171562913966,17.51983758162685,9.077151777732437,Entertainment
BETHNI YBETHNI Y ,11.532728092266408,16.45772675025812,5.733341276897746,Howto & Style
ç¿¼ WingsThunderç¿¼ WingsThunder ,11.522875795823397,17.182012693748476,7.009408932708637,Gaming
U Magazine HK OfficialU Magazine HK Official ,11.522875795823397,17.266161946895327,8.421562960400987,
æŒ½æ­Œä¹‹è²æŒ½æ­Œä¹‹è² ,11.512925464970229,17.208742197174306,4.983606621708336,Music
MingszeMingsze ,11.510923462299555,17.08072050482658,5.429345628954441,People & Blogs
HEYMAN LAMHEYMAN LAM ,11.50891744357269,16.16977259674226,5.214935757608986,People & Blogs
S P O O N C H A NS P O O N C H A N ,11.504893293272964,15.704497005128433,4.61512051684126,People & Blogs
å¤ç›®å¤ç›® ,11.491946946585031,17.721579251609562,5.135798437050262,Film & Animation
ç¿¼ç‹ç¿¼ç‹ ,11.487607656985938,16.519446975717578,5.003946305945459,Science & Technology
ViuTV WorldViuTV World ,11.477298287327077,17.100289435073886,8.265650165580329,Entertainment
AMusic Official ChannelAMusic Official Channel ,11.474184636653797,18.989760062519064,4.990432586778736,Music
å¤§é˜ªANDYå“¥å¤§é˜ªANDYå“¥ ,11.465833857436378,16.868153506340104,5.823045895483019,People & Blogs
æ›¾é§çª AliSon Tsangæ›¾é§çª AliSon Tsang ,11.465833857436378,16.94285658038875,6.144185634125646,People & Blogs
Hak MeHak Me ,11.461632170582678,17.405074024729316,7.107425474110705,Howto & Style
Now TVNow TV ,11.460578984598019,17.15374456839974,8.641179171197228,Music
Highway RecordingHighway Recording ,11.460578984598019,16.81206749139282,6.46302945692067,Film & Animation
Hey JenniFAHey JenniFA ,11.45741275503997,16.319894210142994,5.707110264748875,Howto & Style
æµ™æ±Ÿå«è§†ã€ç‹ç‰Œå¯¹ç‹ç‰Œã€‘å®˜æ–¹é¢‘é“ Ace VS Ace Channelæµ™æ±Ÿå«è§†ã€ç‹ç‰Œå¯¹ç‹ç‰Œã€‘å®˜æ–¹é¢‘é“ Ace VS Ace Channel ,11.448920134994315,17.523556039729005,7.071573364211532,Entertainment
Poor travel x 2 GirlsPoor travel x 2 Girls ,11.444646624216935,16.901022976097533,6.637258031284457,Travel & Events
ACä¸–ç•Œæ–°èé »é“ACä¸–ç•Œæ–°èé »é“ ,11.440354772135393,16.318713963230312,6.1092475827643655,News & Politics
é˜²è…è¾¦å…¬å®¤é˜²è…è¾¦å…¬å®¤ ,11.436044420634271,11.025507075203857,3.4339872044851463,Gaming
å…‰é ­å¹« TomFatKiå…‰é ­å¹« TomFatKi ,11.434963923500517,16.861148088026795,5.204006687076795,People & Blogs
é”äººå··é”äººå·· ,11.416414564589385,16.703115714568167,5.808142489980444,Howto & Style
TIK LEETIK LEE ,11.410892739405076,18.23441417582389,8.528330935826693,Gaming
æœƒç¬‘çš„æ±½æ°´æœƒç¬‘çš„æ±½æ°´ ,11.406453220459712,17.07108059938707,5.3612921657094255,Comedy
am730am730 ,11.403110598963021,17.261632196351417,8.408493774492896,People & Blogs
20ç„¡é™20ç„¡é™ ,11.39975676686459,17.314390515194404,6.5638555265321274,Howto & Style
Auto Guyz Relationæ‹è»Šç”·Auto Guyz Relationæ‹è»Šç”· ,11.398636318568101,16.88503882286818,5.950642552587727,Autos & Vehicles
HK TunesHK Tunes ,11.388495386592052,18.21313295651925,5.375278407684165,Music
pmame32pmame32 ,11.385092093460344,18.361421616923433,8.409830673087738,Film & Animation
Queenie ChanQueenie Chan ,11.364425456651784,16.070655974469755,4.442651256490317,Howto & Style
EHP Music ChannelEHP Music Channel ,11.363264690415821,16.97110275398811,1.9459101490553132,Music
JackzJackz ,11.359774285476053,18.186006595071003,6.340359303727752,News & Politics
Post76å½±éŸ³ç©æ¨‚Post76å½±éŸ³ç©æ¨‚ ,11.351582314561465,17.13708790650231,7.453561871643373,People & Blogs
Data MaData Ma ,11.334994256477566,17.054569055549305,6.393590753950631,Travel & Events
Benja & Momo ChannelBenja & Momo Channel ,11.331403588346838,16.310596225325927,5.204006687076795,People & Blogs
Hong Kong CricketHong Kong Cricket ,11.32779998084354,15.767648985250341,6.180016653652572,Sports
24HERBS24HERBS ,11.318126386665162,17.15146492150023,5.0689042022202315,Music
ç‘æ£®è€å“¥Reasonç‘æ£®è€å“¥Reason ,11.312032522590838,16.03165360277937,4.2626798770413155,People & Blogs
ç™¼å…”å†·çŸ¥è­˜ç™¼å…”å†·çŸ¥è­˜ ,11.311286523131027,11.784447667222485,3.044522437723423,Gaming
potatofish yupotatofish yu ,11.309584540952198,16.726951080264453,5.8289456176102075,People & Blogs
SAVIé­”äººSAVIé­”äºº ,11.303438240103505,17.588689201911123,8.475537516147405,Gaming
Baka Shiroå°ç™½Baka Shiroå°ç™½ ,11.292278793854607,15.596638714523667,5.717027701406222,People & Blogs
ç›–ä¸–çŒªçŒªä¸¶ç›–ä¸–çŒªçŒªä¸¶ ,11.283512300642423,16.494914340476363,4.795790545596741,Film & Animation
Paul GorPaul Gor ,11.280993407622939,15.620640575036703,4.465908118654584,Travel & Events
kikolimakeupkikolimakeup ,11.279731577802517,15.91246104453926,5.308267697401205,Howto & Style
Freeminder EmiFreeminder Emi ,11.278468153755746,16.73040662160508,6.300785794663244,People & Blogs
Janice Vidalè¡›è˜­Janice Vidalè¡›è˜­ ,11.27720313144916,17.766650155740702,4.0943445622221,People & Blogs
MADCOUPLEMADCOUPLE ,11.27720313144916,15.951648781902437,4.430816798843313,People & Blogs
éº¥å…œMcdulléº¥å…œMcdull ,11.272126978417297,16.988935190088554,4.6913478822291435,Film & Animation
Camvideo HKCamvideo HK ,11.272126978417297,18.781447437255352,9.082620630373812,Autos & Vehicles
BC ProductionBC Production ,11.26318123185884,16.739903208562843,3.8918202981106265,Entertainment
MCå¼µå¤©è³¦MCå¼µå¤©è³¦ ,11.258033215341438,16.980298999136718,3.367295829986474,Music
Yeloé»ƒæ›‰æ™´Yeloé»ƒæ›‰æ™´ ,11.25674205957782,15.425400968005889,4.0943445622221,People & Blogs
Rational Football Analysisç†æ€§åˆ†æRational Football Analysisç†æ€§åˆ†æ ,11.25674205957782,16.374966314734575,6.1903154058531475,Sports
CrazyFamilyCrazyFamily ,11.247656987355347,16.036412924188348,5.41610040220442,Comedy
å°åŒ…å°åŒ…å°åŒ…å°åŒ… ,11.238488619268468,16.947165282034163,5.805134968916488,Gaming
å‡æª¸èµ°æ¯ SamChanXå‡æª¸èµ°æ¯ SamChanX ,11.23453343942554,14.695684873366492,4.204692619390966,Film & Animation
WillWill FunHouseWillWill FunHouse ,11.231887935237117,17.127201306618712,7.684324067681155,Gaming
éº¦æ€»å»å“ªåƒéº¦æ€»å»å“ªåƒ ,11.231887935237117,17.58781070025366,5.739792912179234,Howto & Style
CommaComma ,11.226575837752225,16.086361300927898,6.206575926724928,Education
Ryan wsRyan ws ,11.219895786191852,17.473169097042174,7.917171988845776,Gaming
PressLogic å¥³ç”Ÿæ—¥å¸¸PressLogic å¥³ç”Ÿæ—¥å¸¸ ,11.214519429155471,16.548785067679844,6.483107351457199,People & Blogs
Dora å¤šå•¦Dora å¤šå•¦ ,11.211820372186306,16.025179493195033,5.0106352940962555,People & Blogs
èµ¶æµ·è”ç›Ÿèµ¶æµ·è”ç›Ÿ ,11.210468106936293,16.314302936573885,2.5649493574615367,Howto & Style
GF vs GFGF vs GF ,11.207758078177427,16.096620195264585,4.844187086458591,People & Blogs
ä¸€åªé»‘ç³–å•µå•µğŸ»ä¸€åªé»‘ç³–å•µå•µğŸ» ,11.19684391799675,16.644695741039097,3.9889840465642745,Entertainment
Sonic & SnakeSonic & Snake ,11.188579408146856,17.83235653459911,6.727431724850855,Gaming
Peachy Bunny BakesPeachy Bunny Bakes ,11.188579408146856,15.469358388615484,4.77912349311153,Howto & Style
KisaBBBKisaBBB ,11.181639755036315,15.874559195668924,5.978885764901122,Gaming
é™³æŸå®‡ Jason Chané™³æŸå®‡ Jason Chan ,11.174651606402387,18.010910913808875,4.919980925828125,People & Blogs
AnshelesAnsheles ,11.16761427968181,11.197433593212509,0.6931471805599453,Entertainment
MiHK MOVIEMiHK MOVIE ,11.164785423481334,14.81452348140963,2.0794415416798357,People & Blogs
è€ç©å®¶å°ç†Šè€ç©å®¶å°ç†Š ,11.164785423481334,17.43421561250463,6.760414691083428,Gaming
MELO LOMELO LO ,11.161948542146133,15.511771462978109,4.997212273764115,People & Blogs
ValorGearsValorGears ,11.153389288750464,16.47442352467515,6.843749949006225,Gaming
PlayStation HKPlayStation HK ,11.144756141605761,17.83091446891443,7.7651449029361315,Gaming
ä¿¡å ±è²¡ç¶“æ–°èä¿¡å ±è²¡ç¶“æ–°è ,11.141861783579396,16.966116321483895,8.928242677818302,News & Politics
EAR HEALTHYEAR HEALTHY ,11.141861783579396,16.21136101427695,6.313548046277095,Science & Technology
Jessica WongJessica Wong ,11.141861783579396,14.917088777241878,4.382026634673881,Howto & Style
æ˜¼ä¸ç™½é²¸æ˜¼ä¸ç™½é²¸ ,11.13750447821044,16.75736293159114,5.049856007249537,Film & Animation
åå®«å†·å©¶å„¿åå®«å†·å©¶å„¿ ,11.136047813713976,17.58001578714325,5.777652323222656,Howto & Style
ç”·äººEEETVç”·äººEEETV ,11.103452335464524,15.847297702746777,4.990432586778736,Comedy
